Sample,Ayllu,Cemetery,Individual,Sex,Collagen yield (wt%),Apatite yield (wt%),wt% C,wt% N,"Atomic
 C:N","δ13Cco
 (‰)","δ15Nco
 (‰)","δ13Cap
 (‰)","Δ13Cap-co
 (‰)","C3
 mean",C3 sd,"C4/CAM
 mean","C4/ CAM
 sd",Bean mean,Bean sd,Terrestrial meat mean,Terrestrial meat sd
L160,Conde Duque,Casa Parroquial,"11, 418",,5.2,67.5,30.6,10.2,3.5,-11.8,12.2,-6.0,5.8,17.1%,11.5%,36.7%,15.3%,18.3%,10.5%,27.9%,15.9%
L167,Conde Duque,Casa Parroquial,"18, 418",M,17.3,56.7,42.0,15.0,3.3,-11.0,13.4,-6.4,4.6,23.5%,14.6%,39.0%,12.2%,11.4%,8.4%,26.1%,16.7%
L162,Conde Duque,Casa Parroquial,"19, 419",M,15.3,57.9,41.1,15.0,3.2,-12.5,12.1,-7.6,4.9,20.2%,11.6%,32.2%,15.5%,22.8%,12.0%,24.8%,16.1%
L161,Conde Duque,Casa Parroquial,"2, 414",,14.4,59.8,40.8,14.5,3.3,-13.7,11.4,-7.9,5.8,24.7%,14.8%,29.9%,11.2%,24.5%,13.7%,21.0%,14.5%
L163,Conde Duque,Casa Parroquial,"20, 420",F,14.2,59.7,40.2,14.4,3.3,-15.4,11.8,-9.4,6.1,25.6%,15.8%,16.1%,9.3%,32.1%,18.6%,26.2%,13.5%
L166,Conde Duque,Casa Parroquial,"22, 421",M,11.9,61.7,35.3,12.4,3.3,-13.7,11.2,-9.1,4.6,27.3%,15.4%,17.0%,10.1%,24.6%,13.1%,31.1%,11.7%
J74,Conde Duque,Casa Parroquial,Cuerpo 05,F,6.1,54.9,38.5,13.4,3.4,-13.6,11.7,-6.9,6.7,21.5%,12.7%,33.3%,14.7%,19.6%,11.5%,25.6%,15.3%
J75,Conde Duque,Casa Parroquial,Cuerpo 06,,12.4,55.6,42.7,15.5,3.2,-14.1,12.3,-8.2,5.9,29.7%,13.4%,30.0%,10.9%,17.6%,10.7%,22.8%,13.3%
J71,Conde Duque,Casa Parroquial,Cuerpo 08,F,13.9,67.5,41.6,15.1,3.2,-13.3,12.0,-6.7,6.7,19.3%,12.7%,33.5%,13.2%,21.3%,11.8%,25.9%,15.8%
J72,Conde Duque,Casa Parroquial,Cuerpo 09,,5.4,54.8,39.7,13.8,3.3,-14.7,12.6,-7.9,6.8,26.9%,14.8%,23.3%,13.2%,18.7%,11.7%,31.1%,14.7%
J73,Conde Duque,Casa Parroquial,Cuerpo 10,M,15.9,47.3,44.2,15.7,3.3,-12.8,13.5,-6.7,6.1,19.9%,13.5%,33.7%,12.6%,17.2%,10.8%,29.2%,13.9%
L80,Coyo,Coyo Oriente,3974,M,21.4,43.5,44.2,15.5,3.3,-12.3,11.3,-7.0,5.3,14.7%,11.0%,37.1%,9.6%,26.9%,12.8%,21.4%,13.7%
L93,Coyo,Coyo Oriente,3978,F,20.5,41.5,42.9,14.7,3.4,-14.0,11.7,-8.5,5.5,27.5%,14.8%,22.4%,10.3%,20.3%,13.4%,29.8%,13.5%
L88,Coyo,Coyo Oriente,3981,M,10.2,47.5,40.0,14.0,3.3,-14.0,11.4,-8.8,5.3,25.6%,14.2%,24.0%,10.0%,26.2%,12.8%,24.3%,14.6%
L90,Coyo,Coyo Oriente,3996,F,23.0,41.9,44.6,15.5,3.4,-15.4,10.5,-9.9,5.5,32.5%,19.4%,18.9%,8.8%,30.4%,18.3%,18.3%,10.3%
L81,Coyo,Coyo Oriente,4012,F,21.4,45.4,44.2,15.4,3.4,-15.3,10.9,-10.2,5.1,31.5%,18.2%,17.1%,9.2%,29.5%,15.3%,21.8%,12.8%
L92,Coyo,Coyo Oriente,4013,F,19.9,38.6,42.1,14.7,3.3,-13.4,11.6,-8.2,5.2,22.0%,12.6%,29.9%,11.5%,23.4%,13.3%,24.6%,14.8%
L87,Coyo,Coyo Oriente,4028,M,20.5,46.4,42.1,14.7,3.3,-14.2,10.9,-8.7,5.5,22.6%,13.4%,20.3%,10.7%,29.2%,14.1%,27.9%,13.5%
K18,Coyo,Coyo Oriente,4054,F,8.2,56.7,40.6,14.3,3.3,-14.4,11.6,-7.5,6.9,19.8%,15.5%,29.6%,13.5%,24.0%,14.3%,26.6%,14.6%
L83,Coyo,Coyo Oriente,4085,M,20.9,43.1,42.7,14.7,3.4,-14.8,11.8,-10.4,4.4,33.5%,15.7%,15.9%,10.2%,24.6%,15.6%,26.0%,12.6%
L79,Coyo,Coyo Oriente,4090,M,19.7,47.2,43.8,14.9,3.4,-14.3,11.1,-8.8,5.5,28.8%,14.9%,23.0%,12.7%,26.8%,14.3%,21.4%,12.7%
L96,Coyo,Coyo Oriente,4111,M,19.7,43.5,43.2,14.9,3.4,-13.4,11.2,-8.4,4.9,29.0%,14.6%,29.1%,11.8%,21.5%,12.8%,20.5%,12.7%
L94,Coyo,Coyo Oriente,4150,M,19.4,47.2,42.5,14.8,3.4,-13.3,11.7,-8.9,4.3,29.7%,15.6%,20.9%,10.5%,21.5%,13.4%,27.9%,14.4%
L95,Coyo,Coyo Oriente,4194,F,15.5,50.6,43.5,15.0,3.4,-15.2,11.8,-10.3,4.9,34.1%,17.8%,14.7%,8.8%,26.5%,15.3%,24.8%,13.5%
L86,Coyo,Coyo Oriente,5291,,22.6,41.9,41.6,14.7,3.3,-14.0,12.4,-8.8,5.2,34.4%,12.9%,23.6%,12.7%,18.8%,12.5%,23.3%,14.5%
L85,Coyo,Coyo Oriente,5340,F,22.8,43.9,43.2,15.1,3.3,-13.1,12.5,-7.5,5.6,28.7%,18.0%,27.4%,12.7%,19.0%,13.5%,25.0%,15.7%
L82,Coyo,Coyo Oriente,5344,F,16.3,37.6,42.3,14.5,3.4,-13.7,11.2,-8.7,5.0,28.7%,17.2%,24.9%,11.1%,24.6%,15.0%,21.8%,11.8%
L91,Coyo,Coyo Oriente,5373,M,18.5,45.3,44.3,15.4,3.4,-14.7,11.9,-10.1,4.5,38.1%,18.1%,13.9%,8.9%,21.4%,16.7%,26.7%,12.8%
L97,Coyo,Coyo Oriente,5375,F,19.6,41.3,42.4,14.8,3.3,-15.0,9.9,-9.5,5.5,25.3%,15.2%,20.0%,10.3%,30.9%,16.0%,23.8%,13.8%
L89,Coyo,Coyo Oriente,5377,F,21.6,45.2,45.4,15.2,3.5,-16.2,9.7,-10.8,5.4,36.2%,18.9%,13.4%,7.9%,33.4%,18.1%,17.0%,11.7%
L84,Coyo,Coyo Oriente,5383,M,21.4,40.7,42.3,14.5,3.4,-13.5,11.7,-8.8,4.8,23.0%,14.2%,23.0%,11.8%,26.8%,14.9%,27.2%,13.9%
H33,Coyo,Coyo 3,"13291, T16, #93",M,14.4,51.7,42.0,15.3,3.2,-11.1,14.5,-7.1,4.0,22.4%,13.4%,39.4%,13.9%,13.3%,10.4%,25.0%,18.2%
H31,Coyo,Coyo 3,"13298, T1, #89",,4.8,51.0,28.6,10.1,3.3,-11.5,12.9,-7.1,4.4,25.1%,15.3%,35.7%,11.8%,13.7%,10.4%,25.5%,16.6%
H38,Coyo,Coyo 3,"13304, T13, #91",F,9.7,45.7,36.1,13.3,3.2,-14.1,10.6,-9.3,4.8,32.5%,17.6%,19.3%,10.2%,25.8%,15.1%,22.4%,14.4%
H32,Coyo,Coyo 3,"13335, T21, #90",,16.9,43.3,42.3,15.5,3.2,-11.8,11.5,-6.4,5.4,17.1%,11.6%,34.2%,14.5%,21.1%,10.5%,27.6%,14.3%
H42,Coyo,Coyo 3,"13363, T23, #86",F,13.4,45.1,37.8,14.1,3.1,-12.4,11.6,-7.7,4.7,22.6%,15.2%,25.8%,11.3%,21.3%,13.4%,30.2%,13.3%
H34,Coyo,Coyo 3,"13608, T35, #94",M,8.9,60.4,38.3,13.8,3.2,-12.7,12.2,-9.0,3.7,34.2%,14.8%,22.6%,13.3%,17.1%,11.8%,26.2%,15.1%
H44,Coyo,Coyo 3,"13639, T36, #85",F,16.1,44.7,38.6,14.4,3.1,-14.4,11.1,-9.0,5.4,21.5%,14.9%,21.2%,9.4%,32.6%,14.4%,24.7%,14.6%
H37,Coyo,Coyo 3,"13688, T42, #87",M,1.5,59.6,14.7,5.0,3.4,-14.4,10.9,-9.7,4.7,30.9%,17.6%,18.2%,9.9%,25.1%,15.1%,25.9%,14.0%
H39,Coyo,Coyo 3,"13746, T46, #92",M,11.5,58.2,35.9,13.1,3.2,-12.9,12.9,-8.9,4.0,33.3%,15.9%,21.2%,10.3%,17.6%,11.8%,27.9%,13.8%
H41,Coyo,Coyo 3,"13794, T57, #84",M,2.4,51.3,15.3,5.1,3.5,-15.8,10.7,-10.0,5.8,29.8%,16.2%,14.2%,7.8%,30.1%,16.5%,25.9%,12.5%
k72,Coyo,Coyo Oriente,"3904 (11886), #313",M,18.1,40.9,45.1,16.1,3.3,-15.8,10.3,-9.9,5.9,32.5%,20.2%,13.5%,8.4%,32.4%,17.0%,21.7%,13.6%
G94,Coyo,Coyo Oriente,"3913 (12.059), #234",,15.5,50.2,42.9,15.6,3.2,-13.6,11.9,-8.3,5.3,30.7%,17.5%,23.3%,10.7%,22.2%,14.4%,23.8%,14.2%
I67,Coyo,Coyo Oriente,3948 (9.965),F,18.5,41.7,36.4,13.4,3.2,-15.7,10.7,-10.1,5.6,32.7%,17.5%,14.1%,9.9%,32.9%,16.9%,20.3%,13.2%
k71,Coyo,Coyo Oriente,"3956 (9987), #312",F,9.6,51.3,43.8,15.4,3.3,-15.0,10.9,-8.9,6.0,22.2%,15.3%,23.5%,10.3%,29.6%,15.0%,24.7%,13.2%
G99,Coyo,Coyo Oriente,"3957 (9.799), #241",M,13.8,54.3,35.5,13.0,3.2,-15.0,10.4,-9.7,5.3,27.2%,17.6%,19.2%,10.9%,30.8%,16.3%,22.9%,12.4%
G96,Coyo,Coyo Oriente,"3959 (9971), #260",F,16.0,54.9,38.8,14.2,3.2,-14.5,11.2,-9.8,4.7,31.1%,16.6%,15.8%,9.7%,23.8%,14.6%,29.3%,12.6%
k73,Coyo,Coyo Oriente,"3973 (11497), #314",,18.3,49.6,45.9,16.5,3.3,-12.9,11.9,-7.5,5.4,26.0%,14.2%,31.8%,13.6%,20.6%,13.9%,21.6%,13.5%
I75,Coyo,Coyo Oriente,3979 (13553),F,19.4,41.5,43.9,16.0,3.2,-14.5,11.4,-8.3,6.2,24.5%,14.4%,24.8%,13.1%,27.2%,14.3%,23.6%,16.9%
k74,Coyo,Coyo Oriente,"3984 (9791), #315",F,17.0,39.4,44.7,15.7,3.3,-13.9,11.4,-8.1,5.8,23.0%,13.5%,28.5%,12.9%,28.2%,15.1%,20.3%,15.9%
I71,Coyo,Coyo Oriente,4003 (9825),,2.5,61.4,37.1,12.6,3.4,-13.8,12.5,-7.7,6.1,19.4%,14.1%,34.5%,11.5%,24.2%,13.1%,21.9%,11.7%
I69,Coyo,Coyo Oriente,4005 (9836),F,20.1,45.9,43.7,15.6,3.3,-14.7,11.4,-8.4,6.3,25.2%,16.1%,28.1%,12.3%,26.3%,15.5%,20.5%,13.4%
I73,Coyo,Coyo Oriente,4011 (13598),M,12.4,35.0,43.2,15.3,3.3,-13.0,10.7,-7.8,5.3,17.5%,12.1%,36.7%,10.1%,26.6%,13.4%,19.1%,13.4%
k75,Coyo,Coyo Oriente,"4020 (9838), #316",M,13.7,42.1,45.3,15.6,3.4,-14.9,11.1,-9.7,5.1,27.1%,15.3%,20.9%,9.3%,31.5%,13.7%,20.5%,12.1%
I52,Coyo,Coyo Oriente,"4031 (9961), #255",F,23.9,17.6,38.8,14.2,3.2,-11.8,12.2,-7.3,4.5,20.7%,11.6%,36.1%,12.5%,17.9%,12.2%,25.4%,13.9%
I56,Coyo,Coyo Oriente,4046 (9.940),F,7.5,51.7,39.7,14.8,3.1,-14.5,12.0,-8.6,5.9,24.0%,16.8%,23.8%,12.0%,29.3%,16.3%,22.9%,14.7%
I66,Coyo,Coyo Oriente,4049 (9.870),M,19.0,74.0,40.8,15.1,3.1,-14.3,11.1,-9.1,5.2,29.5%,17.4%,20.1%,11.9%,27.6%,14.3%,22.7%,13.1%
I57,Coyo,Coyo Oriente,4052 (10.031),M,19.7,41.1,42.4,16.0,3.1,-15.3,10.9,-9.8,5.5,27.4%,16.6%,20.3%,10.3%,33.4%,16.0%,18.9%,9.6%
I59,Coyo,Coyo Oriente,4053 (9.828),F,9.8,54.0,37.9,13.6,3.2,-15.9,10.8,-10.2,5.6,26.6%,17.6%,13.3%,7.9%,34.7%,17.2%,25.4%,12.7%
I77,Coyo,Coyo Oriente,4054 (9872),F,4.9,51.6,42.7,14.5,3.4,-16.3,11.3,-8.5,7.9,27.8%,16.2%,20.8%,10.9%,25.3%,13.8%,26.1%,13.6%
k76,Coyo,Coyo Oriente,"4059 (11500), #317",,13.3,41.2,44.7,14.7,3.6,-15.6,10.8,-9.4,6.2,34.1%,18.8%,17.3%,8.6%,28.6%,16.8%,20.0%,13.5%
G103,Coyo,Coyo Oriente,"4060 (11.458), #271",M,11.5,57.8,34.4,12.6,3.2,-13.2,11.4,-8.0,5.2,19.2%,15.5%,29.5%,12.1%,24.9%,14.3%,26.4%,15.5%
k77,Coyo,Coyo Oriente,"4064 (9860), #318",M,16.4,28.4,44.4,15.8,3.3,-12.3,12.8,-7.3,5.0,17.8%,11.7%,36.4%,11.0%,19.6%,11.7%,26.2%,13.8%
I76,Coyo,Coyo Oriente,4065 (9991),F,20.1,48.2,29.1,10.4,3.3,-17.4,12.7,-11.6,5.7,42.8%,17.4%,10.2%,7.5%,26.2%,16.2%,20.8%,12.9%
I64,Coyo,Coyo Oriente,4067 (9.963),M,8.8,51.4,33.3,11.8,3.3,-15.4,10.5,-9.6,5.9,22.6%,15.1%,21.8%,10.2%,35.5%,17.8%,20.1%,14.7%
I53,Coyo,Coyo Oriente,"4069 (9986), #259",,8.3,41.1,26.4,9.4,3.3,-13.3,10.9,-8.3,5.1,24.9%,16.6%,27.0%,13.0%,23.3%,13.2%,24.8%,14.5%
k78,Coyo,Coyo Oriente,"4077 (9785), #319",F,14.7,45.7,44.6,15.8,3.3,-15.4,10.4,-9.9,5.4,36.8%,20.3%,14.6%,7.8%,28.1%,16.7%,20.5%,12.1%
G102,Coyo,Coyo Oriente,"4093 (10.041), #274",M,11.5,57.1,37.2,13.5,3.2,-13.0,12.1,-8.9,4.0,27.7%,15.4%,26.2%,10.6%,20.8%,12.9%,25.3%,14.8%
I61,Coyo,Coyo Oriente,4098 (9.937),M,20.5,31.1,43.5,16.7,3.0,-14.6,12.1,-9.0,5.6,31.0%,17.3%,22.8%,10.7%,24.7%,14.3%,21.5%,14.3%
G93,Coyo,Coyo Oriente,"4102 (9873), #245",M,19.6,51.1,42.6,15.5,3.2,-14.4,10.8,-9.4,5.0,27.1%,17.3%,20.7%,9.3%,30.0%,15.6%,22.2%,13.7%
k79,Coyo,Coyo Oriente,"4109 (9946), #320",M,14.0,45.0,45.5,16.0,3.3,-12.1,11.1,-6.3,5.8,23.3%,13.6%,38.7%,15.0%,17.0%,11.5%,21.0%,16.8%
G95,Coyo,Coyo Oriente,"4132 (9.787), #248",M,14.0,48.2,43.2,15.6,3.2,-14.2,11.3,-8.8,5.3,22.8%,13.6%,23.2%,10.3%,29.1%,16.0%,25.0%,12.6%
k81,Coyo,Coyo Oriente,"4151 (9790), #322",F,12.4,43.2,44.4,15.6,3.3,-13.4,12.1,-8.1,5.3,28.5%,14.6%,27.4%,13.8%,21.9%,13.3%,22.2%,16.7%
I68,Coyo,Coyo Oriente,4154 (9984),,4.4,46.9,43.7,15.3,3.3,-14.1,10.7,-6.5,7.6,19.2%,12.2%,38.0%,11.9%,21.0%,11.8%,21.8%,14.7%
k82,Coyo,Coyo Oriente,"4158 (9945), #323",,2.9,59.4,39.8,13.7,3.4,-16.9,10.3,-11.4,5.5,33.4%,17.9%,9.0%,6.7%,37.1%,19.7%,20.4%,11.5%
I54,Coyo,Coyo Oriente,"4163 (9871), #261",,15.2,42.5,34.3,12.4,3.2,-14.6,10.9,-10.0,4.6,33.6%,18.2%,17.8%,10.7%,26.0%,15.8%,22.6%,14.6%
I58,Coyo,Coyo Oriente,4164 (9.779),M,22.6,33.7,41.8,15.4,3.2,-14.7,16.1,-9.8,5.0,46.6%,17.8%,25.8%,11.8%,12.5%,9.8%,15.2%,8.9%
I63,Coyo,Coyo Oriente,4175 (9.974),F,18.8,40.4,39.6,15.3,3.0,-13.9,11.7,-7.9,6.0,24.0%,13.3%,20.6%,11.5%,24.2%,13.3%,31.2%,12.7%
I55,Coyo,Coyo Oriente,"4178 (12252), #254",F,22.1,27.5,36.6,13.3,3.2,-12.4,11.3,-7.8,4.7,15.6%,11.6%,37.4%,13.8%,26.6%,12.9%,20.4%,13.9%
G98,Coyo,Coyo Oriente,"4190 (12.2.43), #275",M,17.5,51.2,40.6,14.5,3.3,-13.1,12.1,-8.8,4.3,23.8%,15.4%,20.5%,10.1%,25.0%,14.3%,30.7%,13.6%
G97,Coyo,Coyo Oriente,"4193 (12247), #273",,14.8,56.7,40.4,14.7,3.2,-13.7,11.0,-8.5,5.3,21.7%,14.9%,24.8%,11.0%,26.9%,14.3%,26.7%,13.1%
I60,Coyo,Coyo Oriente,5300 (9.856),F,1.7,30.4,36.7,12.7,3.4,-14.5,11.5,-8.5,6.0,32.4%,16.2%,26.1%,10.0%,22.0%,13.8%,19.5%,12.4%
I51,Coyo,Coyo Oriente,"5308 (9845), #252",M,6.4,66.4,31.0,10.9,3.3,-10.6,12.7,-6.1,4.5,16.7%,12.8%,48.1%,11.6%,13.3%,10.1%,21.8%,14.7%
I72,Coyo,Coyo Oriente,5310 (10003),M,6.4,44.8,41.5,14.4,3.4,-14.1,11.6,-7.5,6.6,21.4%,14.1%,29.3%,12.5%,21.7%,11.7%,27.7%,14.3%
G101,Coyo,Coyo Oriente,"5316 (9.842), #250",F,3.1,64.5,23.7,8.5,3.3,-12.1,11.9,-7.3,4.9,21.1%,14.0%,36.2%,10.9%,17.7%,11.6%,25.1%,15.8%
G92,Coyo,Coyo Oriente,"5317 (9806), #264",M,8.2,50.2,32.8,11.8,3.3,-13.9,11.5,-8.2,5.7,24.5%,18.0%,25.7%,10.8%,25.3%,16.2%,24.5%,15.0%
I65,Coyo,Coyo Oriente,5334 (9.846),F,21.0,39.6,37.5,14.0,3.1,-13.7,11.2,-8.1,5.6,25.8%,12.5%,23.0%,10.8%,21.1%,11.8%,30.1%,13.8%
k83,Coyo,Coyo Oriente,"5335 (9952), #324",F,13.9,42.5,44.4,15.7,3.3,-15.6,10.8,-10.3,5.4,39.0%,18.3%,14.7%,9.4%,25.5%,15.0%,20.8%,13.0%
k84,Coyo,Coyo Oriente,"5343 (13552), #325",M,16.8,41.4,45.6,16.2,3.3,-14.3,10.7,-9.0,5.3,29.1%,16.2%,26.5%,8.5%,27.6%,17.0%,16.8%,10.7%
I62,Coyo,Coyo Oriente,5345 (9.811),F,23.1,20.0,,,3.1,-13.9,12.6,-8.6,5.3,28.9%,14.3%,24.4%,11.3%,20.3%,12.0%,26.4%,14.3%
I70,Coyo,Coyo Oriente,5352 (9808),F,18.0,49.0,44.2,16.1,3.2,-16.4,10.6,-9.4,7.0,29.0%,17.2%,18.3%,8.6%,33.7%,18.0%,18.9%,12.4%
L108,Coyo,Coyo 3,T. 10,F,5.6,45.9,39.4,13.5,3.4,-14.8,11.3,-9.3,5.5,25.8%,16.6%,18.1%,10.4%,26.7%,16.1%,29.4%,12.7%
L112,Coyo,Coyo 3,T. 13,F,9.6,46.6,40.3,14.0,3.4,-13.8,9.6,-8.2,5.6,20.4%,14.8%,34.6%,11.1%,31.0%,14.8%,14.0%,10.9%
L109,Coyo,Coyo 3,T. 18,M,18.5,49.3,41.9,14.7,3.3,-12.4,12.1,-7.3,5.1,20.2%,13.5%,40.1%,12.2%,17.3%,12.9%,22.4%,15.6%
L110,Coyo,Coyo 3,T. 28,F,11.8,47.0,41.1,14.5,3.3,-13.2,11.3,-7.6,5.6,24.3%,14.7%,29.4%,11.7%,21.9%,13.1%,24.4%,13.1%
L114,Coyo,Coyo 3,T. 32,F,17.7,52.0,44.0,15.5,3.3,-14.9,10.7,-10.2,4.6,25.4%,18.3%,19.3%,10.1%,34.7%,18.9%,20.6%,12.6%
L111,Coyo,Coyo 3,T. 51,M,7.2,47.7,38.8,13.1,3.5,-15.7,11.1,-10.1,5.6,35.1%,20.5%,15.3%,9.1%,28.5%,16.0%,21.2%,11.2%
H86,Larache,Larache,"115, 10921, #38",F,10.0,48.4,32.4,11.8,3.2,-13.4,11.7,-7.6,5.7,23.3%,12.8%,31.9%,13.0%,18.4%,10.8%,26.5%,13.7%
H87,Larache,Larache,"117, 11073, #41",M,16.3,37.0,40.7,14.8,3.2,-13.8,11.8,-10.3,3.5,27.1%,15.8%,18.5%,11.0%,28.7%,15.4%,25.7%,13.9%
H85,Larache,Larache,"124, 10909, #33",M,12.9,47.8,38.6,14.0,3.2,-11.4,12.8,-5.9,5.5,19.5%,10.6%,37.0%,17.6%,14.5%,9.2%,29.0%,18.5%
H51,Larache,Larache,"125, 10412, #31",,14.9,44.4,38.6,14.1,3.2,-13.5,12.4,-7.2,6.3,14.9%,13.1%,32.5%,11.1%,24.1%,12.5%,28.5%,14.7%
H77,Larache,Larache,"127, 10926, #30",F,2.6,69.6,24.0,8.4,3.3,-13.1,11.4,-8.2,4.9,28.0%,13.7%,26.9%,13.4%,21.6%,12.1%,23.6%,14.6%
H72,Larache,Larache,"1583, 10617, #40",F,9.9,52.3,34.2,12.4,3.2,-14.7,10.9,-8.9,5.8,28.3%,15.3%,21.5%,10.8%,26.7%,14.6%,23.5%,14.5%
H83,Larache,Larache,"3480, 9902, #45",M,10.4,49.1,36.2,13.2,3.2,-15.0,12.1,-8.7,6.4,27.1%,15.5%,25.1%,10.9%,24.9%,14.3%,22.9%,13.3%
H73,Larache,Larache,"356, 14669, #43",F,14.0,55.9,35.6,12.9,3.2,-12.0,12.5,-7.0,5.0,23.6%,13.1%,30.6%,13.0%,15.3%,9.6%,30.5%,15.2%
H82,Larache,Larache,"357, 10759, #39",F,9.3,47.1,33.9,12.3,3.2,-14.3,10.6,-8.2,6.1,26.8%,16.2%,27.2%,10.2%,26.0%,13.8%,20.0%,13.8%
H78,Larache,Larache,"358, 14670, #37",M,15.6,47.6,39.2,14.4,3.2,-10.0,12.1,-4.6,5.4,11.5%,8.7%,54.4%,11.1%,11.9%,7.6%,22.2%,14.1%
H80,Larache,Larache,"360, 10755, #36",M,8.9,58.4,34.2,12.2,3.3,-9.6,11.2,-4.6,5.0,9.0%,6.3%,54.9%,13.5%,11.4%,6.9%,24.7%,13.7%
H84,Larache,Larache,"366,10758, #32",F,15.1,45.4,36.5,13.3,3.2,-13.7,11.4,-7.9,5.8,24.7%,14.8%,29.9%,11.2%,24.5%,13.7%,21.0%,14.5%
H74,Larache,Larache,"3797, 11081, #44",F,9.7,61.9,34.8,12.6,3.2,-15.3,8.6,-8.4,6.9,17.2%,12.1%,23.4%,12.2%,40.2%,14.3%,19.3%,15.0%
H71,Larache,Larache,"3802, 11209, #46",,8.0,56.9,32.6,11.9,3.2,-16.6,9.1,-11.3,5.2,34.2%,20.0%,9.3%,6.2%,36.7%,19.8%,19.8%,12.1%
H75,Larache,Larache,"3803, 11082, #42",F,11.1,63.6,33.5,12.1,3.2,-15.7,8.4,-8.2,7.5,23.8%,18.7%,29.9%,9.9%,34.1%,17.0%,12.3%,8.5%
H76,Larache,Larache,"390, 10754, #35",M,11.3,56.4,33.5,12.2,3.2,-10.0,11.3,-4.6,5.4,12.5%,8.6%,46.7%,16.7%,11.6%,7.3%,29.2%,15.7%
H79,Larache,Larache,"5055, 12014, #34",F,12.4,56.3,34.6,12.3,3.3,-16.4,10.7,-10.3,6.1,42.1%,19.2%,10.5%,6.8%,28.3%,16.4%,19.1%,10.0%
K17,Larache,Larache,"Callejo, segundo piso, T360, C-10755",M,13.2,53.0,42.2,14.8,3.3,-11.0,11.6,-3.6,7.4,9.0%,7.0%,49.7%,15.2%,11.5%,7.5%,29.8%,14.2%
K16,Larache,Larache,"Callejon, segundo piso, T358, C-14670",M,22.5,55.5,41.3,14.8,3.3,-10.3,12.2,-4.3,6.1,8.1%,6.9%,56.2%,13.3%,9.8%,7.2%,25.9%,16.7%
K15,Larache,Larache,"Capa inferior, segundo piso, T390,
 C-10754",M,10.3,60.2,23.3,8.0,3.4,-11.3,11.1,-4.1,7.2,10.4%,8.6%,54.5%,11.0%,14.1%,8.1%,21.0%,12.9%
J76,Quitor,Quitor 5,1957,,11.6,50.3,44.0,15.9,3.2,-17.2,9.6,-10.2,7.0,32.8%,20.9%,12.1%,7.1%,37.0%,18.3%,18.2%,11.4%
J78,Quitor,Quitor 5,1964,,21.0,29.0,43.9,15.8,3.2,-17.7,9.4,-11.6,6.1,29.9%,18.8%,11.6%,9.5%,41.5%,19.6%,17.1%,12.1%
J77,Quitor,Quitor 5,2021,M,17.8,46.9,44.2,15.8,3.3,-17.2,11.4,-10.9,6.4,33.7%,20.1%,11.1%,7.6%,33.8%,17.9%,21.4%,11.6%
H104,Quitor,Quitor 6 Tard´ıo,"104, #164, T10",F,22.1,42.4,39.0,14.4,3.2,-13.0,11.4,-7.8,5.2,22.9%,13.2%,22.6%,12.0%,24.5%,14.0%,30.0%,14.0%
I20,Quitor,Quitor 5,"1916, 9.741, #100",,13.1,48.2,32.7,11.9,3.2,-14.7,9.5,-9.2,5.5,32.8%,15.6%,19.5%,8.9%,26.6%,15.3%,21.1%,13.4%
I33,Quitor,Quitor 5,"1921, 9741, #107",M,6.5,54.8,30.7,10.9,3.3,-13.0,10.5,-7.5,5.5,22.6%,13.3%,31.0%,13.6%,25.0%,14.5%,21.5%,14.8%
I29,Quitor,Quitor 5,"1942, 9737, #96",,19.1,49.1,40.5,14.9,3.2,-17.0,9.0,-12.3,4.6,36.4%,20.5%,7.1%,5.0%,40.7%,20.0%,15.8%,8.8%
I36,Quitor,Quitor 5,"2020, 9639, #212",F,16.2,58.5,30.4,11.0,3.2,-16.6,8.3,-12.2,4.4,31.0%,23.0%,9.6%,7.6%,46.8%,21.2%,12.6%,10.2%
I28,Quitor,Quitor 5,"2026, 9732, #102",M,21.3,44.3,40.4,14.5,3.2,-15.4,9.1,-10.8,4.6,24.9%,17.5%,14.1%,7.6%,41.4%,18.1%,19.7%,10.6%
I26,Quitor,Quitor 5,"2055, 9074, #112",,24.1,30.4,42.2,15.2,3.2,-16.4,9.5,-10.2,6.2,30.8%,22.7%,15.6%,8.8%,39.2%,20.6%,14.5%,10.8%
I25,Quitor,Quitor 5,"2100, 9775, #97",M,15.9,47.1,40.5,14.8,3.2,-12.8,10.7,-7.6,5.2,21.1%,14.1%,29.0%,12.0%,23.4%,13.0%,26.6%,14.1%
I24,Quitor,Quitor 5,"2109, 9766, #104",,18.4,45.2,39.3,14.0,3.3,-14.9,11.0,-11.1,3.8,32.5%,18.0%,10.9%,8.1%,31.1%,18.5%,25.5%,12.8%
I37,Quitor,Quitor 5,"2125, 9628, #106",M,21.4,40.3,39.3,14.3,3.2,-16.1,10.0,-11.4,4.7,39.3%,16.7%,11.1%,7.8%,31.6%,15.6%,18.0%,11.6%
I23,Quitor,Quitor 5,"2179, 9763, #111",M,2.9,64.5,17.9,6.3,3.3,-10.9,10.8,-5.3,5.6,13.8%,9.1%,48.7%,12.4%,16.1%,11.6%,21.5%,12.8%
I30,Quitor,Quitor 5,"2212, 9658, #99",F,8.6,61.3,32.7,11.7,3.3,-12.5,10.7,-7.9,4.6,23.8%,14.1%,27.0%,13.9%,22.9%,13.1%,26.3%,16.4%
H103,Quitor,Quitor 6 Tard´ıo,"222/223, #165, T17",F,21.2,37.4,36.1,13.3,3.2,-13.2,10.3,-7.3,5.9,19.7%,12.8%,40.5%,11.9%,24.0%,13.3%,15.8%,11.2%
I34,Quitor,Quitor 5,"2228, 9773, #103",,4.7,62.2,19.4,6.7,3.4,-15.6,9.2,-10.2,5.3,34.3%,21.0%,13.7%,8.1%,30.8%,15.7%,21.2%,13.4%
I21,Quitor,Quitor 5,"2245, 11.485, #109",M,18.9,44.1,38.1,13.6,3.3,-11.5,10.2,-6.3,5.2,13.0%,9.8%,42.4%,12.3%,18.0%,10.2%,26.7%,16.1%
I22,Quitor,Quitor 5,"3066, 9.754, #98",F,6.3,63.0,30.0,10.7,3.3,-16.6,9.3,-12.8,3.8,31.2%,19.9%,6.5%,5.2%,45.8%,19.1%,16.5%,11.4%
H111,Quitor,Quitor 8,"3146, 12.281, #230",F,3.4,64.9,25.2,8.8,3.4,-16.4,10.3,-9.8,6.6,36.1%,17.7%,15.0%,7.8%,28.2%,15.9%,20.8%,13.6%
I2,Quitor,Quitor 8,"3202, 12.294, #233",F,2.9,58.1,26.3,9.2,3.3,-16.5,10.5,-12.3,4.2,38.9%,20.1%,10.1%,7.3%,30.8%,18.6%,20.2%,12.4%
H113,Quitor,Quitor 8,"3227, s/n, #229",,4.3,65.3,27.1,9.4,3.3,-15.8,10.9,-11.3,4.5,44.6%,20.6%,11.2%,8.1%,24.1%,17.3%,20.1%,12.6%
H91,Quitor,Quitor 9,"3236, #223",M,14.3,47.2,38.9,14.2,3.2,-11.4,12.5,-6.0,5.4,22.8%,13.9%,42.7%,12.8%,13.5%,9.0%,21.0%,15.6%
H90,Quitor,Quitor 9,"3237, #221",M,21.5,41.0,40.2,14.8,3.2,-11.5,12.3,-7.4,4.0,21.5%,12.1%,33.7%,12.2%,14.8%,10.5%,30.0%,15.8%
H92,Quitor,Quitor 9,"3249, #222",M,17.4,40.3,39.2,14.6,3.1,-11.7,11.2,-5.9,5.8,16.8%,9.6%,47.9%,13.4%,14.5%,9.0%,20.8%,13.1%
H88,Quitor,Quitor 9,"3250, #220",F,2.4,38.7,18.8,6.4,3.4,-13.7,12.1,-8.2,5.5,25.9%,17.1%,25.4%,10.9%,22.1%,13.8%,26.6%,16.5%
I31,Quitor,Quitor 5,"3368, 9697, #105",F,2.6,67.9,16.4,5.7,3.4,-16.5,8.6,-12.5,4.0,38.3%,23.6%,7.9%,5.6%,39.7%,21.4%,14.1%,8.3%
I35,Quitor,Quitor 5,"3370(80?), 9727, #108",,21.3,36.3,39.4,14.4,3.2,-15.9,9.7,-11.8,4.2,37.1%,19.5%,7.7%,6.5%,35.6%,18.9%,19.7%,12.9%
I32,Quitor,Quitor 5,"3397, 9659, #110",F,11.1,57.1,,,,-17.3,7.5,-12.5,4.7,34.6%,19.9%,10.5%,6.5%,45.3%,20.4%,9.7%,7.7%
I45,Quitor,Quitor 1,"3443, #281",,7.9,59.4,33.1,12.7,3.0,-13.4,11.1,-7.1,6.3,19.7%,12.5%,33.5%,11.5%,20.6%,11.6%,26.2%,15.4%
I43,Quitor,Quitor 1,"3454, 10612, #282",,14.9,50.7,34.1,12.2,3.3,-13.2,11.0,-7.8,5.5,19.8%,15.0%,26.6%,11.3%,24.1%,13.4%,29.5%,14.1%
I42,Quitor,Quitor 1,"3486, #280",,16.5,48.7,43.3,15.5,3.3,-12.2,11.7,-7.4,4.7,17.1%,12.0%,29.4%,13.3%,22.0%,10.8%,31.6%,17.1%
I44,Quitor,Quitor 1,"3487, 10603, #284",,6.3,65.5,22.3,7.6,3.4,-15.2,13.0,-9.3,5.8,43.7%,13.8%,22.6%,11.9%,13.9%,11.3%,19.8%,14.0%
I47,Quitor,Quitor 1,"3493, 10605, #283",,22.8,43.6,38.2,13.9,3.2,-14.0,9.5,-7.4,6.6,17.7%,13.3%,28.8%,10.1%,32.3%,16.3%,21.1%,12.9%
L156,Quitor,Quitor 6 Tard´ıo,"407, #105, T10",,21.7,48.9,42.5,15.5,3.2,-13.7,11.6,-8.3,5.3,26.0%,15.0%,23.1%,11.9%,20.6%,13.6%,30.4%,17.0%
L155,Quitor,Quitor 6 Tard´ıo,"408, #877, T28",F,19.8,48.6,42.3,15.5,3.2,-15.9,9.7,-10.5,5.3,28.9%,17.7%,15.6%,9.3%,34.1%,16.4%,21.4%,12.5%
L157,Quitor,Quitor 6 Tard´ıo,"411, #425/426, T37",M,2.7,70.5,32.8,10.9,3.5,-14.6,11.6,-8.3,6.2,19.2%,12.4%,25.0%,13.0%,28.7%,14.7%,27.1%,13.6%
L158,Quitor,Quitor 6 Tard´ıo,"412, #596, T46",F,22.2,46.1,42.8,15.6,3.2,-14.2,11.3,-8.7,5.6,26.1%,14.9%,28.2%,12.5%,24.0%,14.0%,21.8%,15.3%
H95,Quitor,Quitor 6 Tard´ıo,"469/470, #158, T14",F,19.2,33.6,39.2,14.5,3.2,-13.6,10.8,-7.8,5.9,25.9%,15.4%,25.2%,10.9%,22.8%,13.0%,26.1%,16.4%
H106,Quitor,Quitor 6 Tard´ıo,"667, #166, T52",F,1.7,71.1,10.9,3.5,3.6,-13.7,10.9,-7.9,5.8,21.6%,15.2%,31.1%,13.9%,24.8%,12.8%,22.4%,13.4%
H107,Quitor,Quitor 6 Tard´ıo,"685, #161, T54",F,7.0,52.1,31.7,11.7,3.2,-11.2,11.5,-6.2,5.0,12.7%,8.9%,43.9%,14.3%,17.9%,10.9%,25.5%,17.2%
H99,Quitor,Quitor 6 Tard´ıo,"694, #162, T55",,14.2,45.3,35.6,13.1,3.2,-13.0,9.9,-7.7,5.3,19.5%,14.4%,35.9%,10.1%,28.4%,15.4%,16.1%,12.2%
H105,Quitor,Quitor 6 Tard´ıo,"80/81, #163, T8",F,4.8,65.9,28.3,9.9,3.3,-14.4,10.7,-8.7,5.7,24.9%,15.7%,23.3%,11.2%,27.8%,13.6%,24.0%,14.2%
H96,Quitor,Quitor 6 Tard´ıo,"871, #168, T27",M,19.3,36.8,38.0,13.6,3.3,-15.9,10.8,-10.3,5.6,32.6%,15.1%,10.6%,6.8%,30.7%,15.2%,26.1%,13.8%
H100,Quitor,Quitor 6 Tard´ıo,"876, #170, T28",,21.0,36.8,38.0,13.9,3.2,-15.6,9.3,-8.8,6.8,21.7%,14.5%,20.0%,10.5%,33.7%,17.6%,24.7%,13.2%
H101,Quitor,Quitor 6 Tard´ıo,"877, #167, T28",F,20.4,40.4,37.2,13.6,3.2,-15.2,9.7,-10.1,5.1,26.2%,16.2%,19.7%,9.2%,35.9%,19.2%,18.3%,12.3%
H97,Quitor,Quitor 6 Tard´ıo,"88/89, #169, T9",F,8.3,55.2,32.2,11.6,3.2,-13.9,10.5,-8.5,5.4,25.3%,16.5%,27.5%,11.9%,28.0%,14.6%,19.2%,13.3%
H98,Quitor,Quitor 6 Tard´ıo,"943, #160, T38",F,3.8,60.3,25.5,8.8,3.4,-13.7,11.4,-8.0,5.7,24.8%,13.0%,27.8%,12.6%,22.0%,14.0%,25.4%,12.9%
L103,Solcor,Solcor Plaza,611,F,22.4,40.4,43.8,15.2,3.4,-12.5,11.9,-7.0,5.4,22.6%,13.8%,36.8%,11.7%,17.1%,10.7%,23.5%,14.6%
L100,Solcor,Solcor Plaza,621,M,17.6,49.2,44.3,15.5,3.3,-15.5,12.9,-11.2,4.3,37.8%,23.5%,10.7%,7.8%,26.2%,16.9%,25.3%,15.1%
L106,Solcor,Solcor Plaza,625,M,20.5,42.5,43.9,15.2,3.4,-16.8,10.9,-10.2,6.6,34.5%,17.0%,17.2%,9.4%,32.6%,16.5%,15.6%,12.2%
L104,Solcor,Solcor Plaza,759,F,5.9,58.3,37.0,12.5,3.5,-13.1,12.8,-6.8,6.3,19.1%,10.7%,40.5%,12.6%,15.2%,9.0%,25.2%,16.3%
L105,Solcor,Solcor Plaza,1242,M,18.4,47.0,42.8,14.6,3.4,-13.6,12.3,-8.7,4.9,27.9%,17.9%,18.9%,9.6%,24.9%,14.6%,28.3%,13.7%
L99,Solcor,Solcor Plaza,1249,M,17.3,48.8,42.8,14.9,3.4,-14.2,13.0,-8.3,5.9,28.1%,15.0%,23.0%,10.3%,19.9%,14.6%,29.0%,14.9%
L98,Solcor,Solcor Plaza,1283,M,20.5,41.7,43.1,14.6,3.4,-14.5,11.7,-9.3,5.3,34.3%,16.8%,22.9%,12.5%,21.2%,15.5%,21.6%,15.4%
L101,Solcor,Solcor Plaza,1398,F,17.0,55.7,43.2,15.2,3.3,-14.9,11.5,-9.5,5.4,26.8%,14.8%,15.6%,9.8%,31.8%,15.8%,25.7%,12.0%
L61,Solcor,Solcor 3,1737,F,19.6,50.4,45.1,16.0,3.3,-12.9,11.7,-6.6,6.3,16.6%,10.2%,35.6%,12.5%,20.0%,12.8%,27.8%,15.8%
L107,Solcor,Solcor Plaza,2938,F,21.3,31.7,45.7,15.8,3.4,-13.5,12.0,-7.4,6.1,22.5%,13.6%,34.1%,11.7%,21.9%,11.6%,21.6%,14.9%
L102,Solcor,Solcor Plaza,2940,F,18.5,37.4,43.4,15.1,3.4,-14.2,11.5,-8.6,5.5,25.9%,14.0%,23.2%,12.8%,23.2%,13.8%,27.8%,14.6%
L115,Solcor,Solcor Nueva Poblacio´n,4778,,20.7,48.8,46.0,16.3,3.3,-14.3,11.5,-8.0,6.3,28.5%,15.4%,28.2%,11.5%,18.6%,11.6%,24.7%,13.9%
L117,Solcor,Solcor Nueva Poblacio´n,4789,M,21.8,47.9,44.3,15.8,3.3,-16.0,11.8,-10.5,5.5,36.2%,19.9%,11.8%,7.3%,29.0%,18.5%,23.0%,13.5%
L116,Solcor,Solcor Nueva Poblacio´n,4791,M,22.3,44.0,44.7,15.7,3.3,-13.6,11.2,-8.2,5.4,20.0%,15.0%,26.7%,12.7%,29.6%,14.3%,23.8%,14.9%
G73,Solcor,Solcor Plaza,"1030, 11.197, #77",F,1.3,52.6,17.5,5.9,3.4,-11.6,12.4,-6.8,4.8,18.0%,12.9%,35.1%,13.7%,17.7%,11.8%,29.3%,15.0%
K70,Solcor,Solcor Plaza,"1241 (11361), #330",,20.3,33.6,44.1,16.0,3.2,-15.0,11.4,-8.7,6.3,25.5%,13.9%,21.7%,11.2%,25.2%,14.5%,27.5%,16.2%
G78,Solcor,Solcor Plaza,"1241, 11.361, #82",,21.6,38.3,42.2,15.8,3.1,-14.7,12.2,-9.5,5.2,31.1%,16.4%,13.9%,7.7%,25.2%,15.4%,29.8%,12.4%
K69,Solcor,Solcor Plaza,"1243 (11351), #329",,20.4,35.1,43.9,15.9,3.2,-14.8,11.7,-8.1,6.7,28.2%,18.1%,27.3%,10.1%,23.5%,14.2%,21.1%,13.2%
G70,Solcor,Solcor Plaza,"1244, 11.195, #74",,18.3,49.6,42.5,15.9,3.1,-13.1,11.6,-8.0,5.1,25.9%,14.3%,25.4%,10.0%,21.5%,13.5%,27.2%,13.4%
K68,Solcor,Solcor Plaza,"1246 (11353), #328",F,20.3,44.4,44.7,16.1,3.2,-13.5,11.7,-7.1,6.4,23.3%,15.9%,34.5%,12.3%,23.3%,13.9%,18.9%,12.4%
G75,Solcor,Solcor Plaza,"1286, 11.202, #79",M,10.3,62.8,37.9,14.1,3.1,-14.3,12.4,-10.3,4.0,37.5%,17.0%,13.8%,8.3%,20.8%,13.6%,28.0%,13.0%
K66,Solcor,Solcor Plaza,"1317 (11215), #326",,19.5,34.6,43.7,15.8,3.2,-12.9,11.5,-7.2,5.7,20.2%,11.6%,33.0%,12.1%,19.6%,11.3%,27.3%,14.8%
G71,Solcor,Solcor Plaza,"1377, 11.365, #75",M,19.1,53.1,42.0,15.8,3.1,-12.4,13.0,-7.5,4.9,20.0%,12.9%,36.0%,12.6%,14.9%,10.4%,29.1%,15.2%
K67,Solcor,Solcor Plaza,"1379 (11220), #327",M,20.3,37.3,44.1,16.0,3.2,-12.0,12.4,-5.5,6.5,15.8%,11.1%,35.7%,14.6%,14.6%,9.5%,33.8%,15.9%
G69,Solcor,Solcor Plaza,"1381, 11.356, #73",,13.8,56.7,38.9,14.4,3.2,-13.3,12.7,-7.4,5.8,23.8%,13.2%,25.8%,14.2%,18.7%,12.4%,31.7%,16.4%
G74,Solcor,Solcor Plaza,"1386, 11.379, #78",,16.8,40.4,41.5,15.6,3.1,-11.3,13.4,-5.7,5.6,16.4%,11.0%,40.0%,14.4%,13.0%,8.9%,30.6%,16.2%
G76,Solcor,Solcor Plaza,"1391, 11.218, #80",,21.4,38.0,42.6,16.0,3.1,-13.8,14.5,-9.0,4.8,24.6%,14.6%,22.3%,10.3%,19.7%,13.8%,33.3%,14.7%
G72,Solcor,Solcor Plaza,"1394, 11.211, #76",F,16.4,54.0,42.0,15.7,3.1,-13.8,11.9,-8.9,4.9,28.2%,14.8%,23.5%,9.6%,23.8%,13.9%,24.4%,14.3%
G77,Solcor,Solcor Plaza,"5093, 11.385, #81",,15.0,51.3,38.7,14.4,3.1,-13.6,10.8,-8.6,4.9,28.7%,16.1%,24.2%,12.7%,24.5%,16.0%,22.7%,14.5%
G68,Solcor,Solcor Plaza,"629, 11.367, #72",F,19.8,45.4,42.9,16.0,3.1,-14.0,11.3,-8.8,5.2,27.3%,13.8%,24.2%,11.2%,27.7%,14.6%,20.8%,14.3%
L55,Solcor,Solcor 3,"T. 103, 3599",M,18.3,52.4,45.3,15.7,3.4,-12.7,11.3,-6.5,6.2,17.0%,11.1%,36.2%,12.0%,20.7%,11.9%,26.0%,14.3%
L64,Solcor,Solcor 3,"T. 106, 13177",F,19.4,53.8,43.2,15.7,3.2,-14.7,10.5,-9.5,5.2,25.8%,16.9%,19.3%,10.6%,28.6%,16.1%,26.3%,12.2%
L72,Solcor,Solcor 3,"T. 111, 3604",M,19.7,52.3,42.2,15.1,3.3,-12.7,12.5,-7.2,5.5,26.8%,14.6%,29.7%,12.2%,16.8%,11.4%,26.8%,14.4%
L63,Solcor,Solcor 3,"T. 111, 3605",F,20.7,52.0,43.7,15.6,3.3,-13.1,12.0,-7.3,5.7,21.2%,13.7%,32.6%,15.1%,19.3%,10.8%,26.9%,17.3%
L66,Solcor,Solcor 3,"T. 111, 3606",F,18.2,51.5,47.9,17.1,3.3,-13.5,11.8,-8.1,5.3,24.3%,16.7%,23.5%,13.4%,23.8%,14.4%,28.4%,15.7%
L57,Solcor,Solcor 3,"T. 113, 13120",F,23.2,46.1,41.2,14.3,3.4,-14.2,10.8,-9.1,5.1,26.6%,15.5%,23.7%,8.5%,29.3%,15.2%,20.4%,12.8%
L67,Solcor,Solcor 3,"T. 115, 3609",F,22.8,41.2,52.4,18.9,3.2,-15.0,11.0,-9.4,5.6,25.9%,13.9%,17.0%,8.9%,27.0%,13.7%,30.2%,13.0%
L62,Solcor,Solcor 3,"T. 115, 3610",F,5.7,53.3,36.8,12.4,3.5,-14.6,13.4,-8.9,5.7,34.2%,16.1%,22.1%,9.9%,18.8%,13.1%,24.9%,14.7%
L58,Solcor,Solcor 3,"T. 115, 3611",F,21.0,49.3,44.4,15.7,3.3,-14.1,10.5,-9.6,4.5,29.9%,16.0%,19.4%,9.2%,27.4%,15.2%,23.3%,11.9%
L74,Solcor,Solcor 3,"T. 116, 13126",M,20.3,46.3,44.9,16.1,3.3,-16.1,11.2,-11.3,4.8,43.3%,18.1%,11.8%,6.9%,25.0%,15.6%,20.0%,11.3%
L78,Solcor,Solcor 3,T. 126,F,15.8,44.8,42.9,15.3,3.3,-14.0,10.4,-8.7,5.4,26.9%,17.2%,25.0%,11.1%,26.4%,13.8%,21.7%,11.6%
L56,Solcor,Solcor 3,T. 139 indiv. 1,,14.7,48.9,42.3,15.8,3.1,-16.1,10.9,-10.2,5.9,33.4%,22.9%,12.4%,8.4%,39.1%,18.8%,15.0%,10.8%
L60,Solcor,Solcor 3,"T. 27, 1628",F,20.3,54.2,46.0,16.2,3.3,-15.9,11.0,-10.6,5.3,29.7%,17.8%,15.6%,8.6%,34.3%,18.4%,20.4%,12.0%
L68,Solcor,Solcor 3,"T. 29, 1666",M,20.2,54.4,41.3,14.7,3.3,-15.7,10.7,-10.6,5.1,35.2%,18.8%,11.9%,7.5%,30.0%,19.0%,22.9%,13.9%
L59,Solcor,Solcor 3,"T. 30, 1683",F,18.8,50.9,47.4,16.9,3.3,-15.3,10.5,-10.0,5.3,25.7%,15.5%,17.5%,10.9%,29.6%,15.6%,27.2%,14.6%
L75,Solcor,Solcor 3,"T. 6, 1080",F,17.7,44.1,37.2,13.2,3.3,-14.9,11.7,-11.0,3.9,32.4%,20.4%,14.2%,8.9%,31.1%,18.1%,22.3%,13.0%
L65,Solcor,Solcor 3,"T. 75, 2607",F,19.3,53.0,43.9,15.8,3.2,-15.3,11.2,-9.8,5.5,32.2%,20.0%,18.5%,9.6%,27.4%,17.5%,21.9%,14.3%
L73,Solcor,Solcor 3,"T. 78, 2699",M,5.2,53.7,40.2,13.9,3.4,-14.4,11.2,-8.8,5.6,18.2%,12.9%,25.0%,9.7%,29.4%,14.3%,27.4%,14.2%
L77,Solcor,Solcor 3,"T. 79, 2762",F,8.3,54.0,38.6,13.8,3.3,-14.7,11.8,-9.4,5.3,29.8%,17.7%,21.6%,10.7%,25.5%,15.0%,23.1%,13.0%
L76,Solcor,Solcor 3,"T. 98, 3593a",F,16.6,38.4,41.6,14.7,3.3,-12.6,12.2,-7.5,5.1,26.3%,12.6%,32.4%,13.0%,17.4%,12.2%,23.8%,14.8%
G91,Solcor,Solcor 3,"T101, 3597, #190",M,19.1,49.1,42.2,15.3,3.2,-11.5,10.9,-6.6,4.9,16.6%,12.5%,37.2%,13.5%,19.2%,11.2%,27.0%,16.4%
H12,Solcor,Solcor 3,"T107, 13.118, #185",M,20.1,45.1,42.7,15.4,3.2,-13.9,11.5,-8.7,5.2,27.2%,15.1%,27.2%,14.0%,23.9%,13.6%,21.7%,13.9%
G88,Solcor,Solcor 3,"T112, 13.111, #183",M,18.8,44.2,42.5,15.4,3.2,-13.9,11.4,-9.2,4.7,30.7%,19.0%,21.7%,11.2%,22.3%,15.3%,25.3%,15.1%
G83,Solcor,Solcor 3,"T117, 13.156, #208",M,19.7,45.7,44.4,16.1,3.2,-13.3,11.0,-7.6,5.7,15.9%,11.6%,32.0%,12.9%,24.0%,13.1%,28.1%,15.3%
H13,Solcor,Solcor 3,"T132, s/n, #188",M,18.4,44.7,43.4,15.6,3.2,-11.5,10.9,-5.8,5.7,18.0%,10.2%,36.1%,15.3%,17.3%,10.2%,28.7%,17.5%
G89,Solcor,Solcor 3,"T16, 3061, #177",F,21.6,42.7,44.7,16.2,3.2,-15.5,11.7,-10.6,4.9,34.1%,19.8%,16.0%,9.0%,29.0%,17.0%,20.9%,12.7%
H7,Solcor,Solcor 3,"T27, 1629, #191",M,20.4,54.9,42.6,15.4,3.2,-15.1,12.0,-11.3,3.9,41.0%,18.2%,11.8%,7.0%,25.3%,19.4%,21.9%,12.3%
H9,Solcor,Solcor 3,"T30, 1683, #192",F,21.4,48.3,43.5,15.9,3.2,-14.7,10.6,-9.9,4.8,33.0%,18.9%,17.7%,10.2%,29.7%,18.2%,19.7%,14.1%
G90,Solcor,Solcor 3,"T44, 1871, #186",,21.9,36.4,44.3,16.1,3.2,-11.2,15.0,-7.9,3.3,23.0%,12.7%,30.1%,14.8%,14.1%,10.3%,32.8%,16.6%
G85,Solcor,Solcor 3,"T54, 2071, #189",M,4.3,55.2,30.4,10.8,3.3,-16.5,9.6,-11.6,4.9,28.7%,18.8%,11.2%,7.6%,42.5%,20.7%,17.6%,11.9%
G86,Solcor,Solcor 3,"T60, 2341, #182",F,20.5,48.3,43.9,15.9,3.2,-14.6,11.5,-9.5,5.1,29.7%,15.7%,19.4%,10.1%,26.7%,15.2%,24.2%,13.7%
G84,Solcor,Solcor 3,"T60, 2342, #184",M,17.6,52.5,42.6,15.5,3.2,-15.9,9.7,-11.9,3.9,32.5%,19.8%,10.2%,6.7%,36.8%,18.8%,20.6%,11.5%
G82,Solcor,Solcor 3,"T70, 2513, #181",F,20.5,50.9,44.3,16.0,3.2,-14.4,11.4,-9.0,5.4,27.1%,15.1%,18.5%,9.6%,26.3%,14.7%,28.2%,13.0%
H10,Solcor,Solcor 3,"T70, 2514, #180",M,17.3,52.0,44.3,16.1,3.2,-14.5,12.8,-10.5,4.0,35.7%,18.3%,11.0%,7.9%,25.8%,15.8%,27.6%,14.6%
G81,Solcor,Solcor 3,"T8, 1161A, #176",F,14.3,48.9,43.0,15.6,3.2,-14.7,10.3,-9.8,4.9,29.3%,17.7%,16.2%,8.8%,27.7%,15.6%,26.8%,11.4%
H8,Solcor,Solcor 3,"T93, 3.083, #187",M,1.5,70.6,17.4,5.7,3.6,-11.4,12.1,-5.8,5.5,15.7%,10.6%,41.8%,14.1%,20.3%,11.9%,22.2%,15.8%
J81,Tchecar,Tchecar,680,F,15.3,50.3,43.6,15.7,3.2,-14.0,10.7,-8.8,5.2,24.1%,15.0%,24.4%,12.9%,28.1%,13.9%,23.4%,16.0%
J80,Tchecar,Tchecar,686,,1.5,59.3,37.4,12.4,3.5,-15.9,11.4,-9.8,6.1,34.7%,20.6%,18.6%,10.7%,26.9%,17.1%,19.8%,13.5%
J82,Tchecar,Tchecar,807,,20.4,39.0,44.5,16.1,3.2,-13.4,14.2,-9.0,4.4,33.1%,16.6%,17.2%,8.9%,16.9%,13.3%,32.7%,14.7%
J79,Tchecar,Tchecar,815,F,17.7,39.3,42.1,15.1,3.3,-14.3,11.2,-9.6,4.7,27.2%,16.5%,18.1%,9.7%,28.5%,15.2%,26.2%,17.0%
J70,Tchecar,Tchecar,1158,,9.7,54.3,42.8,15.2,3.3,-13.9,12.0,-7.0,6.8,23.0%,12.5%,31.1%,13.7%,17.2%,10.7%,28.7%,16.0%
I88,Tchecar,Tchecar,"1105, 11257, #136",F,15.6,61.7,25.8,8.9,3.4,-13.8,11.7,-7.7,6.1,26.6%,16.3%,29.2%,14.3%,20.3%,12.2%,23.8%,17.0%
I81,Tchecar,Tchecar,1151 (11.130) #129,M,16.8,37.6,43.4,15.8,3.2,-13.9,11.0,-9.5,4.4,27.1%,16.7%,21.6%,10.6%,25.6%,13.9%,25.7%,12.4%
I90,Tchecar,Tchecar,"1155, 11304, #140",F,9.1,50.1,40.6,14.4,3.3,-14.5,11.3,-8.8,5.7,31.8%,16.4%,24.1%,12.0%,21.9%,14.9%,22.1%,13.6%
I89,Tchecar,Tchecar,"1158, S/N, #139",,9.9,47.5,39.7,14.0,3.3,-14.2,12.2,-7.8,6.4,23.9%,15.1%,28.1%,12.0%,23.9%,16.8%,24.1%,14.6%
I84,Tchecar,Tchecar,1161 (11.247) #132,F,14.3,55.2,40.9,14.8,3.2,-12.9,12.0,-6.4,6.6,15.9%,12.2%,37.3%,10.4%,21.8%,12.5%,25.1%,14.6%
I79,Tchecar,Tchecar,"1173, 11283, #127",M,18.1,62.6,39.1,13.9,3.3,-14.7,12.0,-9.3,5.4,31.6%,18.9%,17.2%,9.6%,25.0%,15.6%,26.3%,15.7%
I87,Tchecar,Tchecar,"1222, 11143, #135",F,21.3,49.6,41.0,14.7,3.2,-14.6,11.8,-9.1,5.4,35.5%,18.7%,19.8%,11.1%,22.3%,16.3%,22.4%,11.6%
I94,Tchecar,Tchecar,"666, 11308, #145",F,20.1,40.9,43.1,15.6,3.2,-14.3,11.7,-8.6,5.7,22.8%,13.2%,23.8%,11.5%,25.1%,13.3%,28.2%,15.5%
I92,Tchecar,Tchecar,"678, 11160, #143",M,13.6,50.9,42.4,15.3,3.2,-14.0,11.2,-8.5,5.4,23.7%,16.7%,21.5%,9.9%,26.4%,15.4%,28.4%,13.4%
I86,Tchecar,Tchecar,"680, 11244, #134",,12.0,53.5,40.8,14.7,3.2,-13.9,10.8,-9.3,4.5,27.0%,16.0%,15.4%,9.2%,28.7%,15.2%,28.9%,13.8%
I95,Tchecar,Tchecar,"686, 11189, #146",,3.1,55.9,32.7,11.0,3.5,-17.8,9.0,-10.5,7.4,30.7%,19.0%,14.0%,8.6%,41.2%,17.3%,14.1%,10.6%
I80,Tchecar,Tchecar,687 (11.281) #128,,18.4,37.5,42.2,15.3,3.2,-14.4,12.2,-8.4,6.0,24.1%,14.6%,22.5%,10.9%,25.4%,13.3%,28.0%,13.8%
I93,Tchecar,Tchecar,"691, 11499, #144",M,18.4,50.2,42.6,15.2,3.3,-13.6,11.5,-8.1,5.5,24.2%,14.6%,25.0%,12.2%,21.4%,11.5%,29.4%,14.0%
I82,Tchecar,Tchecar,692 (11.123) #130,,17.8,40.6,42.7,15.4,3.2,-13.9,11.2,-8.1,5.8,26.3%,18.7%,25.7%,9.8%,29.7%,14.3%,18.2%,11.9%
I98,Tchecar,Tchecar,694 (11.141) #137,F,13.4,41.9,43.5,15.8,3.2,-13.6,11.6,-8.9,4.8,27.4%,16.9%,19.3%,10.0%,22.7%,14.0%,30.6%,14.4%
I85,Tchecar,Tchecar,"801, 11324, #133",,21.7,51.0,41.6,14.8,3.3,-13.6,12.2,-8.4,5.1,24.3%,13.9%,18.6%,9.3%,21.5%,14.2%,35.6%,12.9%
I83,Tchecar,Tchecar,814 (11.106) #131,M,17.6,44.2,43.4,15.6,3.3,-15.6,10.4,-9.6,6.0,23.6%,16.5%,15.8%,8.7%,36.9%,14.6%,23.7%,14.1%
I96,Tchecar,Tchecar,"815, 11307, #147",F,17.0,42.2,41.8,15.1,3.2,-14.1,11.2,-9.1,5.1,25.1%,16.4%,21.2%,9.7%,28.7%,15.8%,25.0%,17.5%
I97,Tchecar,Tchecar,824 (11.263) #138,,12.3,42.7,43.2,15.5,3.3,-13.2,10.9,-8.1,5.1,25.8%,15.4%,29.2%,11.8%,23.5%,14.2%,21.5%,14.5%
I91,Tchecar,Tchecar,"844, 11116, #141",,19.3,47.1,42.2,15.2,3.2,-10.3,11.6,-5.5,4.9,13.1%,9.2%,44.6%,13.1%,15.3%,11.2%,27.0%,14.2%
I78,Tchecar,Tchecar,"863, 11177, #142",F,19.7,39.4,41.3,15.1,3.2,-14.4,11.6,-8.2,6.2,27.6%,14.8%,25.6%,11.0%,21.8%,13.5%,25.0%,16.6%